planetid,planet_name,coordinates
1,Omicron Persei 8,89475345.3545
2,Decapod X,65498463216.3466
3,Mars,32435021.65468
4,Omega III,98432121.5464
5,Tarantulon VI,849842198.354654
6,Cannibalon,654321987.21654
7,DogDoo VII,65498721354.688
8,Nintenduu 64,6543219894.1654
9,Amazonia,65432135979.6547
